{"cameraMode":{"drawMode":0,"name":"Shaded","section":"Shading Mode"},"sceneLighting":true,"audioPlay":false,"sceneViewState":{"showFog":true,"showMaterialUpdate":false,"showSkybox":true,"showFlares":true,"showImageEffects":true,"showParticleSystems":true},"in2DMode":false,"pivot":{"x":44.683509826660159,"y":111.50432586669922,"z":39.91048049926758},"rotation":{"x":0.1103072538971901,"y":0.863274335861206,"z":-0.44320639967918398,"w":0.21486130356788636},"size":2.2295315265655519,"orthographic":false}